Party,Information,Race,Edu,Year_stayed,Age,Gender,Climate,local_att,Local_community,Immediate_family,government,buy,Willing,com_buy,flood_zone_cover,private,public,Climate_Party,Climate_gov
2.256039166,5.037998697,3.124161822,3.179177641,3.90784433,2.064158688,0.956402951,2.774733387,1.802269631,4.816980957,4.851779942,4.155464396,1.065791924,0.887911876,0.82188206,2.184615656,5.150664977,6.84927665,2.291155932,0.983242187
1.255629269,3.79766374,2.958948536,2.876932163,1.823703438,2.292417961,1.294356864,2.948025196,0.916272413,4.734367696,4.859409989,1.969143962,1.704897932,1.981711853,1.1487271,3.057112793,6.754278873,5.885450087,2.902242675,2.717757639
1.759067032,4.174949553,2.71147395,1.86398314,5.877968187,3.833486851,1.15984347,2.712973203,1.779285924,4.871207271,2.850668728,2.143510517,1.267590043,1.066574782,1.21932313,2.091721857,5.865603034,2.951411363,0.907085628,2.747456988
0.915402735,3.894241775,3.133042352,2.954707672,6.219824035,2.801958946,1.733420171,1.098121432,2.024876474,4.93022414,5.181375965,4.278794043,2.178304639,1.926742384,1.129104511,1.959887389,6.117642378,6.143075134,1.799774384,2.782779768
2.883315504,3.740501675,2.20132644,2.054698372,5.710905709,4.051149846,1.293269573,3.156313735,4.162269042,4.998477696,5.245371438,3.964067628,2.049487243,2.297904591,0.923335108,0.982057952,6.983594275,6.085601503,2.894418249,3.16495276
2.865567487,4.845522494,3.265081417,3.047461379,6.026842352,3.285348846,1.95766292,3.152369254,2.175710579,5.90937122,5.040091433,1.794842407,1.787152565,1.835011973,1.029372549,2.829869812,6.02526708,5.198378986,1.886918749,3.138681428
0.899384722,3.711897834,1.036751677,2.068655354,6.18660135,3.266449216,1.219757985,3.275259823,1.296745454,3.077907594,2.768190632,4.974797592,1.199611701,1.068105016,0.714303986,1.048201931,3.101831963,7.127250715,1.801585307,0.726014456
2.164121034,4.730546149,3.179032459,0.727866819,6.134322576,2.943699984,0.98079092,1.000357197,3.731726377,1.119095361,2.868492729,5.153911419,2.154189596,2.24782584,0.911575778,1.176483802,6.770481347,6.966005613,3.199741267,1.851045246
2.098478191,5.151095581,2.912047759,3.208868009,3.136924878,3.999513064,2.079556549,1.061536242,2.12315764,2.028203344,3.170789058,2.040481901,1.08218298,1.012381359,1.170607329,3.175474726,6.011056127,2.809734639,0.718737976,3.081676453
2.901733763,0.715750294,3.142422997,2.298370268,5.869215571,3.084522384,2.03904916,0.860242017,2.097508746,3.053923089,2.740964093,4.288495785,1.113175595,1.088690418,1.210534891,2.88188279,6.143557633,5.931055358,3.059494685,1.91654844
2.973588585,3.838029046,3.18038054,2.229964463,6.156252543,4.236555183,2.275968306,2.806422138,1.846205505,2.293568222,2.899693891,3.809359861,0.936695875,0.938046791,0.738409139,2.074848615,6.72082308,7.1610464,2.865456251,2.233200407
0.815161995,3.871874508,3.183598615,2.097374712,5.866904481,3.930234517,1.867972928,2.963378931,4.043868575,5.118416964,4.770433708,3.752254547,1.913193815,0.837297414,1.29015241,1.296750797,6.88301342,6.977729253,2.94990542,1.80427369
2.116414088,4.112175818,2.949844044,3.014665813,4.296467267,3.998267539,1.908093007,1.101273177,1.957708858,3.121752277,2.738932079,3.884545731,0.86020057,0.81775902,1.94827245,2.006585309,2.900564687,4.129402616,0.864883635,1.807417357
1.851031546,4.878434202,1.213510763,1.735273399,3.864808703,1.948699571,1.122593498,2.874335196,2.846187648,4.994432804,5.178664689,0.732820025,2.065799109,1.932620771,0.874220768,2.07588251,6.963911638,6.020038326,2.913688244,2.704400905
1.070573269,3.962355097,2.742728617,1.851195211,5.92922785,4.038613139,1.066098057,1.164843915,1.210912535,2.881186097,3.04543525,4.029858064,0.810085689,0.874119874,1.897047335,3.248670285,4.746547824,4.140440252,1.02014065,3.001332017
1.837932393,3.816949068,1.255719647,1.294713568,3.886456062,2.07847754,2.23992142,1.129909924,3.294621847,3.973784293,4.822977108,0.781209346,0.884497626,0.983663695,0.86675066,2.977427259,3.956510226,6.109864588,0.94397195,0.787387205
3.255784097,3.877722649,3.191521343,2.96189617,2.25721048,3.880076877,0.753085159,3.220311208,1.840797807,2.823944533,4.982358205,1.021468869,2.147294881,0.890234838,1.737140199,2.904605022,7.07144144,4.217378427,1.719183589,3.215688152
1.719782666,5.028708116,3.169352098,2.25007731,3.056181837,3.059275297,1.295069031,3.165227675,1.999499794,5.116438602,2.811018201,2.016801629,1.131806454,2.228532444,0.826213874,1.901806827,5.008473993,6.953278231,1.98341189,0.987982048
2.047144796,4.823993482,1.030130257,2.152146626,3.825310559,2.059064047,1.285748509,3.071392415,3.068149827,5.293621567,4.92307236,0.898427356,1.853651939,2.213179905,1.239958349,1.91808908,6.898410058,5.867095296,2.905903857,2.819634311
1.880658776,5.145218947,2.944566014,2.182547493,6.025386946,3.257482579,2.176404372,4.267357274,4.080602237,6.005045977,5.9200751,1.199154397,0.876406639,0.735239286,0.914408178,0.753246076,6.816212503,4.891290318,2.022279054,2.912266208
3.172110396,4.260411043,2.936873022,1.727299211,5.962527569,3.938896784,2.163911952,2.933433842,1.766018749,2.856544221,3.285631579,3.865318817,0.706391035,1.113081791,1.813877257,0.791869814,6.185927114,5.294081008,1.902325554,3.122990377
3.17773139,4.043954493,0.807456927,2.108132144,2.091477241,2.078605369,1.003574636,3.00753265,1.891694613,3.128165459,3.016821322,1.785182374,0.9718874,1.925042995,1.261553477,1.099760508,5.118759634,5.150432035,2.117120616,2.776064041
0.777883062,3.795490549,1.153368041,2.907875838,2.736645273,2.288332064,1.005013226,1.157200581,2.231238392,2.787353944,2.770584185,4.710279308,2.175204944,0.780745798,2.264207221,3.180035505,5.099847281,5.234894906,2.169178826,2.940348403
0.894400513,1.963197626,2.853347289,3.063974339,6.22071597,3.02981012,2.06065804,1.27007875,1.909141181,3.100638265,3.282555614,5.203325038,2.178998877,0.958004452,1.098331068,2.240712679,5.904782824,7.056181148,3.22675446,2.225726311
2.978924262,1.716175881,3.265825466,1.844825695,6.299963201,3.154344015,0.805928423,2.756231582,1.996308584,2.871581683,3.146437662,4.280610493,0.985336279,2.207542872,1.004689455,1.905143677,6.79285517,4.866046754,1.984072576,3.133473783
2.246448734,4.700174101,1.170011547,2.776123577,3.955415902,2.205663735,1.052151657,1.237709896,1.153973295,2.710692694,3.080987796,3.814856319,0.935982119,0.836707618,0.894987787,2.055292009,4.823004448,4.863699542,1.904653409,3.077128754
1.832023875,5.215247377,2.955081257,2.117719251,3.045507121,2.704037079,1.139318516,3.213229976,2.268737551,4.881110142,3.282578766,1.872399767,1.275337733,1.764830663,1.257961766,2.219751724,5.127034009,7.201256706,2.055982526,1.127875282
1.132213768,1.80698641,2.782212759,2.07057799,5.050107393,1.761778844,0.924919623,0.918970578,1.959448403,4.740617707,3.079126963,1.936554275,1.05257406,0.711311881,0.762267075,2.099265603,4.156323984,6.951702415,2.084997035,1.199683578
3.166605558,1.802123477,1.922160311,2.031331391,5.97199111,4.260283628,1.954537048,2.768969239,2.217062716,4.765012989,1.036393059,4.287624128,0.881432675,1.121433784,0.77848437,2.24326211,4.14982358,7.28176406,2.142656667,1.088131666
1.022542178,4.025998279,3.005844149,1.905355263,5.971251136,3.988469393,1.073472796,4.09299751,2.837529217,4.786192093,3.084928295,4.016164115,2.210421659,1.220120114,0.889426402,0.997204902,6.760742348,7.271525201,3.032356709,2.982231702
0.93877515,5.14150317,2.755936807,3.111534876,3.995126411,3.175888933,1.165650765,2.742313994,2.196435668,1.755093006,2.142760256,4.251611154,2.251456155,0.947232413,1.804302969,1.7209927,6.099865868,6.103196758,2.75256907,2.295130195
2.027407835,4.069800076,1.000669228,1.709495576,6.051854425,3.163760848,0.739728621,3.063392881,2.756017707,2.854086152,5.170229957,3.217157614,1.140694252,0.996012515,0.712606194,4.144064703,7.119979997,3.911304904,1.939058311,3.281215493
0.972288366,4.028446243,3.066088888,2.723968092,6.130323114,2.043291428,2.011357998,3.21170324,0.934367674,4.746288511,4.714652256,1.932421058,1.223271708,0.921254365,1.061790581,4.28847014,5.888404239,6.287429991,2.039921506,2.924427461
2.853477573,5.073461527,3.167506306,1.932577835,5.91163635,3.105286196,1.00352775,3.835334111,2.01018713,2.944527117,5.16523218,1.072516228,1.225965008,1.11488414,1.260344668,2.851765661,4.155351649,6.186885785,2.171881855,0.83589275
3.13217893,1.785346959,2.779217338,2.939329728,4.069660364,3.775510596,1.926576357,3.900542222,3.09238743,5.167020708,5.049471202,0.85859208,1.060830082,0.989782096,0.902561216,1.754618137,6.285874662,5.964606768,1.768532425,1.767354294
2.912969379,4.143270633,2.093526878,3.273498035,4.242572859,1.95598756,0.707269355,2.839254394,1.065292393,5.217934445,5.131670106,2.046198878,1.023655526,1.289572178,0.845644829,1.813985188,6.008070387,5.95480942,2.061614571,2.290453446
1.009494612,3.701483856,3.257949346,2.982056485,4.887608586,3.725740803,1.27602983,1.257764765,2.266442437,2.940939082,3.154626021,4.124823553,2.133529184,1.103098724,1.201628672,3.154353861,5.065774916,4.052022967,1.244586126,2.934776527
0.773276048,5.218183717,3.207927059,2.063529389,6.13079127,4.282048015,1.210316831,2.988012951,3.178948205,4.81099117,4.849544349,3.751141592,1.126028306,1.226116563,0.979866681,2.293503276,5.760846182,7.193352742,1.773212592,0.779546821
1.196373215,4.066060282,3.216872807,3.026141233,1.978982109,4.17577725,2.039054784,2.886935751,2.093624886,5.997791264,5.275691605,0.797369784,1.825142525,2.07735836,1.220781195,2.246066546,4.911825613,6.270398165,2.256362315,2.050274681
3.254205813,3.884329765,3.157288035,2.289760335,5.711434117,3.089339903,2.065889193,3.248972703,1.759861343,4.888219768,3.14367265,1.189481569,0.93945121,1.105869604,1.16872904,1.174081382,5.799319645,6.191380836,2.985589101,2.259624172
2.040353153,2.080364425,2.981812963,2.273286445,5.219630831,1.953335239,2.17862068,1.004287895,2.037678221,4.117194149,4.775305101,2.951260944,2.250934581,1.210730719,2.239925821,3.72556613,4.849120854,5.012951193,0.98814992,3.130345126
0.829876718,4.206236998,3.23893473,2.242942366,1.793758301,2.853543235,0.800006407,2.832464418,1.931958798,3.20074197,3.074726248,4.246355276,1.167923615,1.060203918,0.720218657,3.183100809,5.700699752,6.995153016,2.750071661,1.860860363
0.945223557,5.138266852,2.998117236,2.741714877,2.794464204,3.183098124,1.753007586,3.1710589,1.892282023,3.2045837,5.00091967,4.047030038,1.796592593,1.713446203,1.286474023,2.190216041,3.235824889,5.828682148,1.272010003,1.15102255
1.868944814,1.955454043,2.768010764,2.02649269,5.905847364,2.980177812,1.717805807,2.873398037,2.005530814,4.788398369,2.987180108,1.21974105,1.922316184,1.004821763,1.181174567,2.919550788,6.810911938,5.923669602,2.91582443,3.101492287
2.985739324,3.769748389,2.126367832,1.778347939,6.101445323,3.768179787,0.709003378,1.01287768,3.046428015,4.985287198,6.178923673,1.111693292,1.931947496,1.017197343,0.853144021,5.057832043,7.017118613,7.215680925,3.188248098,3.299831671
2.121360017,4.020180385,3.030813596,2.878182195,5.847155575,3.844623778,0.766167186,1.068700344,1.801865031,3.068438257,2.763481105,3.967058326,0.887781403,1.283730439,1.050187051,2.794966912,6.7684477,4.095857423,1.938156539,2.700257154
1.89969972,4.111249876,3.291261285,2.883602609,6.091436027,4.200479307,1.86148833,1.210553869,2.799137139,5.240720391,4.867569596,5.176356831,0.923823648,1.979895297,1.148454293,2.183008313,6.90766368,7.147317065,2.968566529,2.291342835
2.203231547,5.079506328,2.874366058,2.013704396,6.170081909,3.822646518,0.83736528,1.105999197,2.006656209,3.293525956,2.999835333,0.969332197,2.141536763,1.727082767,1.280429771,2.703426097,7.125267319,7.243347635,2.747190639,2.227117571
2.752468703,4.73060885,2.222320221,1.913701208,5.25611812,2.980381323,0.704304015,4.048139663,1.841822463,2.882587583,5.798105843,5.079435686,2.142025563,1.975893099,0.757399558,2.074719055,7.131040947,6.740265959,3.014360423,1.806551081
2.096546,1.027429063,3.267024114,1.862031708,5.936009695,3.885821005,1.962164725,3.978845907,2.086675033,5.70047998,5.840623958,1.731644638,0.741287979,1.116304491,1.046712823,0.764945696,6.890802552,7.246260961,2.97181803,2.277639783
1.267613136,1.763624326,2.868360609,1.775530598,6.294825659,4.010396521,2.217208151,2.896508592,3.912552313,2.001202834,1.785514936,3.950878372,1.984148788,1.298603989,2.108282579,1.814239996,5.275274647,7.206076239,2.738764992,1.149376103
2.291966641,3.946337665,2.846999605,3.258263333,4.775204046,4.242414109,1.090878046,1.06760181,3.130417799,4.80694027,5.287852316,3.841712304,2.208716693,1.814174571,0.75621023,2.057383804,6.295956991,6.790042941,3.096434902,0.709719071
3.265482228,4.061404183,3.089787735,1.212701138,5.879946342,4.2343279,1.193610316,3.72500218,4.237595026,1.124309692,0.859218642,3.822354708,1.880707139,0.997488637,0.878332591,3.861722571,4.768492014,2.006220997,1.035433125,3.136387235
2.737336945,4.035982193,1.971164544,1.749061125,5.927777472,3.993815554,1.849920251,3.299899692,2.110737511,4.90341043,4.770773726,4.076157967,0.754028439,0.87616964,0.875230755,1.716890257,5.785058044,4.975268173,1.838170407,3.125977332
2.169508569,4.123677509,2.844799339,1.946261961,5.872043228,3.088478751,2.03554326,2.712299654,2.769458775,3.102052271,5.056522667,4.910601132,1.879439321,0.703398653,1.227684149,1.254019039,6.703517704,5.036745589,1.836923889,3.153381714
2.239867619,0.753253799,2.114172894,2.026855021,2.063140196,3.261781248,2.002703404,3.852832671,2.835635486,5.712263826,5.115181946,0.753247479,1.033647922,0.764619039,1.269040737,1.130063874,1.204206047,6.220879097,1.249733984,1.19357432
2.933887939,3.792529134,1.748282752,3.062562828,5.857157391,3.281823888,1.708136155,3.776001275,3.269802816,5.975753387,5.823742449,3.703729694,1.140528699,1.205751082,1.102413339,1.794794564,7.14532948,6.123582097,3.062181988,2.971824658
2.863699967,4.141038062,3.105275211,2.159511605,6.196492857,4.130770168,1.857589271,2.888829811,2.786975395,2.09326587,0.982927515,4.128380273,2.0331924,1.979412377,1.196649822,2.751811878,4.775192602,6.299484758,1.865893558,1.701443055
0.87913847,4.250333759,3.247742751,2.910737515,5.225873166,3.227162442,1.831267528,1.030320862,1.728866261,5.163985007,3.021442639,2.036620112,1.281408483,1.752871783,1.059099283,2.789945438,5.173172403,6.948618285,2.048552853,0.733864524
2.865798736,4.757131781,3.093221677,3.140769462,4.758752486,3.206453594,1.105980056,3.035202254,3.929558442,4.923900182,4.999239359,0.761097579,2.184993607,1.017525473,1.94874999,4.765662767,6.887335702,5.105705829,2.821843154,2.922772827
2.080380236,4.81272541,1.149408075,1.789584141,3.781417419,1.885879602,0.754090722,3.23893088,2.979770075,4.772468537,5.253715904,1.044861355,2.202028829,2.194633877,0.867281885,1.869433354,6.926446343,5.786225134,3.026431657,2.733597349
0.813001306,4.862223653,3.059511161,1.757746097,5.086054389,3.79862326,1.713904447,0.723858091,2.003047273,2.988563971,2.918293661,4.239102977,1.800594955,0.792377205,0.807930871,2.713517274,5.260980677,3.208880936,0.785888895,3.026814652
2.833255063,3.88333719,2.992558968,1.897749776,6.102428181,3.960276528,1.107011797,2.912934898,2.160143386,3.26835377,2.817271137,4.215029351,1.050709557,1.212603884,2.019835612,2.773409005,4.956251182,4.174950832,1.02626654,2.758547031
3.071043407,4.866089194,2.911017951,2.952319187,6.176518013,3.11366457,2.246668201,2.767163923,1.959615412,6.2538563,4.763936206,1.896135313,2.01818054,1.862453172,0.843334012,3.091562984,5.993656315,4.926295462,1.873065138,3.104845602
2.136042152,4.272748346,2.866641171,1.762058251,3.277840989,4.246651993,2.077043268,2.182397634,3.716796145,4.912349725,4.83445289,0.805609203,2.220535447,1.109353708,2.253348447,3.003601383,3.29097712,6.13647421,1.005110067,1.187166934
2.723024889,3.779713892,2.095984792,1.834865419,6.206420065,3.233650572,1.105738977,3.932263215,1.753267964,4.731983684,2.954274528,4.908534406,1.01925518,1.238270145,1.140959273,1.730686512,7.202017612,6.253716371,2.867935493,2.773168339
2.177433119,4.818313003,2.988546673,1.956678337,2.959386591,3.201248853,1.110907303,2.783414095,2.288121884,4.879285404,3.190849073,1.960962277,0.721654703,1.812437666,1.099509955,1.700381565,5.056996421,6.812087096,2.292221178,0.842462466
2.702625939,3.8827701,2.846966542,2.102277381,5.830913211,1.894193587,1.806471007,3.269785767,2.091902595,4.98582237,4.85007627,4.148118616,2.231841132,1.892131735,1.210307122,3.150351977,4.95354874,7.134642436,2.08685239,1.06378212
0.769009602,2.161872881,2.976125167,3.102740126,3.860560767,2.868148329,2.060379318,1.094938196,2.889584308,4.900256237,2.8182694,1.794266062,2.149874856,0.851630123,2.129023409,0.87545768,7.231294677,5.980520865,3.201453903,3.182943498
1.00357608,1.785279483,2.899934309,3.007033002,5.892735895,4.259381656,0.779168658,1.273535574,3.202699224,3.123346229,3.040258129,3.746108614,2.099746968,0.902380624,1.184291244,0.988821119,5.037959879,6.233961145,1.93104339,1.786725365
2.709382417,4.236342953,3.20081913,2.193284482,6.19254795,4.05066879,1.847600094,4.211446342,2.739833473,2.09939956,2.817114531,1.892574092,0.898326733,0.772155387,1.703047697,2.003652976,1.865982691,1.07194994,0.935750733,1.813591494
2.801670743,4.036832499,1.216947349,2.022399342,5.776251533,1.94978256,1.189996153,3.215114714,1.917261,2.72982663,2.930058882,4.962212247,1.192339397,1.282425828,1.102833705,2.887156581,5.256776239,6.15106677,1.904427901,2.157304033
1.717804497,3.970473051,2.739934935,3.260162977,4.731309228,3.732686445,1.162023846,0.760092307,3.915510576,4.888543949,5.163177591,1.262356753,1.125427831,1.12206046,0.936146317,2.94253348,6.801613565,7.007064094,3.133421158,1.725085097
3.048806708,4.026267935,0.772030851,2.286462946,3.907579044,2.111383774,2.076886311,2.901415834,3.057391179,5.864666672,3.120243197,3.8067729,2.126119293,2.134737712,0.839798562,2.748963914,5.864554465,7.004289495,3.009250371,2.270103809
2.282196255,4.873602044,3.065416641,3.129289509,5.999026148,3.910674592,1.85198045,3.000055822,2.038901946,2.886295977,3.113316314,0.809078178,2.07836215,1.007209608,2.268617302,1.761544794,7.272288364,5.266586115,1.929192649,2.866284818
3.09891077,3.984869694,2.165191193,3.103104699,5.800631869,4.096300774,2.107729041,2.94618412,2.719803285,2.887528698,3.142733266,2.169326573,1.93951435,1.762307091,0.734605343,3.2502622,6.257653592,1.806815398,1.019184987,2.973292853
3.257817456,4.917141823,2.09869671,2.203319592,5.912429512,2.96652268,2.127116936,2.923282081,2.868842462,2.868375826,1.752900255,4.765812618,1.986061705,2.189700767,0.923506998,2.929233029,7.158376308,7.138892848,2.875514284,1.72475959
0.9442148,3.84719146,2.81074729,2.75283567,6.158878023,3.20419639,0.716998514,3.282404105,3.157706775,2.944633657,2.753726947,1.161537081,1.975161726,0.707700129,1.216044188,3.215990829,7.160885279,7.269468252,2.904811305,1.851829663
2.132486143,2.119764773,2.849256962,2.09286566,2.755130447,3.766468649,0.996755731,3.212718426,0.795888384,1.755743915,2.031211515,2.761954554,0.820872916,0.717856523,1.18981853,2.876105435,6.293936529,4.707469568,2.11466684,2.788115282
1.766659906,5.252364438,2.790227745,0.75614488,6.064322411,3.053548496,0.863382525,1.17702182,4.162953589,1.146696105,3.148064809,4.891001276,2.193633743,1.708417357,1.288656624,0.89909869,6.985187847,6.928966576,3.011646319,1.732537981
2.768985569,4.1715608,0.764566509,2.126496137,6.026826078,2.067653347,1.108440541,0.779622739,4.034787382,6.136905023,5.764325078,5.200094412,1.218322551,1.066971367,0.977244599,0.875403895,6.290275197,6.072835485,2.079734072,1.963744676
1.933930873,4.084252486,2.771839772,2.945296086,5.811727033,3.821645472,0.944713523,3.089480165,4.054352708,4.72334792,5.070547953,2.023266856,1.887781488,0.943288063,1.795076498,2.923758007,6.120199863,5.052394098,1.974236429,2.893403261
0.981886523,4.162241101,2.707719802,2.213904619,6.235244678,3.239303544,1.966384163,2.787081877,1.169820878,2.211419192,5.106031229,1.944096319,1.185323327,1.727720279,0.922993669,2.728362649,3.18712248,5.750186533,1.254292475,0.867777258
3.055710063,4.068357951,3.134915325,2.093589186,6.043246367,4.288525358,2.065652792,3.078488012,2.089998757,2.219896617,2.959603599,3.988590663,0.744319836,1.192232249,0.752504784,1.930712786,7.227220736,6.993048254,3.022990072,1.910526245
2.189938866,1.993866263,0.978391299,1.030254205,5.877827114,3.983711866,1.02241645,3.142168013,2.806362212,1.079018202,4.81208283,4.206153697,1.040164983,1.173219375,1.152123644,1.861030244,5.096393816,7.224593825,1.956685805,0.736944125
1.879478145,2.284516068,0.99290866,1.936159203,4.985788528,2.018360905,1.093678937,3.969392039,2.055078147,2.080721757,4.833641474,1.829421306,1.229482891,1.299449632,0.775261,1.161466463,5.142205838,5.863649045,2.298354986,2.292224415
1.765774323,4.935247346,2.826188487,3.032177213,4.786527746,4.002678437,2.053001586,1.180388305,2.231171216,2.216523915,3.218409313,3.756724715,2.136091934,0.8178411,0.856144217,2.704216154,6.888616322,6.972117785,2.960302255,2.205990865
3.07084197,3.822273021,1.713983368,3.057909283,3.215668256,1.882653918,2.056326977,1.119436596,1.023984676,2.908371108,2.894135265,4.193710941,0.924733747,0.959195923,1.121189906,2.842914811,5.777186822,6.73113641,3.003614477,1.937412603
2.15617368,3.746058397,2.258062858,2.29644618,5.960861762,1.811752081,2.237660052,3.789141305,2.0034052,4.734926288,3.003073674,3.942469482,0.906125905,1.173223677,0.837230784,3.89727108,4.019681038,4.905628266,0.835932301,1.891853111
2.84523891,4.197189082,2.14486651,1.223605068,6.141285144,3.953540756,0.869715406,1.212332352,1.903253085,2.863924415,3.247203762,2.871680079,2.272047174,0.790576526,1.070289197,1.12394156,3.255780852,3.899572327,1.28740438,1.807311627
1.966671493,1.891932312,3.182450316,1.763144628,2.870753264,1.949383558,1.975094054,0.966568867,2.15115246,3.921325382,4.121930591,1.194850023,0.917471168,1.165865732,1.175968547,1.178705972,3.886963562,6.158678691,1.878600976,1.289594372
1.805027893,5.150606604,3.10037609,2.124418467,3.126264555,3.14277736,0.88550129,3.12165512,2.286923141,4.901121751,3.203266266,1.920807427,1.033029796,1.870253584,1.205601,2.14666817,4.852935767,6.930863115,1.771186733,0.868218529
1.728469115,2.035128243,0.888103336,0.949112817,5.748285825,3.820371691,0.733789341,3.049770674,2.850246592,1.214654648,5.198599281,3.837884086,1.277021703,0.856923961,1.235092809,1.918020734,5.100558606,6.739961161,1.793329885,0.787165795
2.134452451,4.261415594,3.113402463,2.717628214,6.192203552,2.905879045,1.991507861,3.155068761,3.180114473,3.108268171,2.792427659,1.938026061,0.861810442,0.800454611,1.813457074,0.869603159,6.256035027,6.245562298,1.857302776,1.755276262
1.866469276,3.841686686,3.177753104,3.287705546,3.859513825,4.29669489,1.989384328,1.030185008,1.92168364,2.799230169,2.910742476,4.225280919,1.268018282,1.130261856,1.972997335,1.940549089,2.914053012,3.838104381,0.774280826,1.882693979
1.092710938,4.802985309,1.853685586,1.777578594,5.861806297,3.994171132,1.120829427,1.254728281,2.950662025,1.878417915,1.807307492,3.919848687,1.849915399,0.903746371,0.801875164,2.70672799,3.276235333,4.103789013,1.190073484,1.971054865
3.271382909,3.831591117,2.780999794,2.982619383,6.222936705,3.949114494,1.068272868,1.01605764,1.996946495,3.029905161,2.090563819,4.212804354,1.768714316,0.873225348,1.247606402,1.216129031,6.874227302,6.75368502,3.165391876,2.298757093
2.897551232,4.802311205,3.10675914,3.042796571,3.179246353,2.805106185,1.951059086,3.293093974,2.967354955,5.801084922,4.706584369,1.245252807,0.884727817,1.275917681,0.777545956,2.758335927,3.905442468,6.916155312,1.935272284,0.858720958
2.189851713,3.863110356,2.923002093,1.966964667,4.705074956,3.918176603,1.951178772,1.128040521,3.722625869,3.146962172,2.782271969,1.23633761,0.73432855,0.984600974,0.858883342,2.016334802,4.211740128,5.985904561,2.086743022,0.808663102
2.265484224,4.005692282,3.258483632,2.753236993,5.130486469,3.791462152,1.181746843,1.14558699,1.983863956,6.002963944,3.004369355,2.781487921,1.004537594,1.964662616,0.978578203,5.160385531,5.733689678,6.945454687,2.926102771,0.946327064
1.738363353,1.871800071,3.275512759,2.007603398,4.784798156,2.047078153,2.278088298,1.013544932,1.7272698,4.283336556,5.074077566,2.857782626,2.173220325,1.082917016,1.708893368,3.914438643,5.240641842,5.099228726,0.875433724,3.082828036
3.26727438,3.963117695,1.173099204,1.783316087,6.073637613,3.702923574,2.008608301,4.268010055,2.863285785,4.834922684,6.077631261,0.787034248,0.800503813,1.850071161,0.767833321,1.081884359,7.264705891,5.981297803,2.981605011,3.216560727
2.213566716,3.775868509,3.181052072,1.849658902,4.845596667,2.21687954,1.855519577,3.79731875,3.191524065,5.279683981,3.05604108,0.747433379,1.746878395,2.187478668,1.051121255,1.293891349,6.289907805,5.263681137,2.067107789,2.760348937
2.901631716,3.889649097,0.779711867,2.834968534,5.935098334,2.941130013,2.054651374,1.266208046,3.228826745,5.149954748,3.039669948,3.848354267,1.118229423,0.998902359,1.934084696,0.866840057,7.015159253,6.923830524,3.135558619,1.964204531
3.151121469,4.937694133,2.824258562,2.802933259,5.805691654,2.914195221,1.700981649,3.111060766,2.29939951,6.009836763,5.167108432,1.837175782,2.176968552,1.955947392,0.783665513,2.905012846,6.277492927,4.831058644,2.145046191,3.191187729
3.084481987,2.161616667,2.073678756,0.994312809,6.152355271,3.792442279,1.735846095,3.823751746,3.983936359,6.11911349,0.950058763,4.978030643,1.721324064,0.746434751,0.942176367,2.746660729,5.263594744,5.021275716,1.980852999,3.180008777
2.95986012,4.240847035,3.234253031,3.236564151,6.07101483,4.004030007,0.708920371,1.117244555,1.942962718,2.923501043,2.96914443,3.845351129,0.845090894,2.258688553,1.131590151,2.743388422,4.706658726,5.27598268,1.850383977,2.909309498
2.034153081,3.973191574,2.934514017,2.065901432,6.164494804,3.851351421,0.700237612,1.174690708,2.047386839,2.852383044,2.711630878,2.110617717,0.868108816,0.916337287,1.249157858,3.057394367,4.905334091,5.732149081,1.75016332,1.719209313
1.877521186,5.033700145,0.762673405,2.136674538,5.060495049,2.857809287,0.8102515,4.020822275,3.034979655,3.185909919,5.023600484,2.087695873,1.170553008,1.156489012,1.029472403,2.850691717,6.078778081,6.920605273,3.08963885,1.19542467
3.241038938,2.056006194,2.121470637,1.76872362,4.811807776,2.979802173,1.242208356,3.295215338,4.077958191,5.235239278,1.946630006,1.185114514,2.254637824,2.034068035,1.177422797,0.766331438,4.036411154,5.77907346,2.13958903,0.775869148
2.755617758,5.217106884,1.283054322,2.924095958,2.845966052,3.152788041,1.036223428,3.714424988,2.982503017,5.018879713,5.077790707,0.776317977,2.213021704,2.189295158,0.91184403,2.788164893,6.706273202,6.105328484,2.862235771,3.041228306
1.768215147,1.993494003,0.880069973,0.779669791,6.190606452,4.238127389,0.817841496,3.220082031,2.780301705,0.98696937,5.035186535,3.867955893,0.759255536,1.201585746,1.194105666,2.003292632,4.765525524,7.170643536,2.26305181,0.881013127
3.273598724,3.968263704,2.937122376,2.874166758,6.188271251,4.017453922,1.888669584,3.26368337,1.87833266,3.097220049,3.059928459,3.81539353,1.17561488,0.750320694,1.011259634,4.877556312,7.242222623,6.913353232,2.936011666,2.00079827
3.103683543,4.736406465,3.171384565,2.856346801,4.979816971,2.890961834,0.730088213,2.809869871,4.159036695,4.990412239,4.927030012,0.719965288,1.881923631,0.849744922,2.24070454,5.058260576,7.065298542,4.776646346,2.737285728,2.701993445
1.225605502,4.720378335,3.134016969,2.898829087,5.900762128,3.923749939,0.854506834,3.270703704,2.804985925,5.08227295,3.078115747,3.8708315,2.230028296,1.794697195,0.704431448,1.025364152,6.242752256,5.93975847,2.017203243,2.063136783
0.959841683,4.801321757,2.850930228,2.995721744,6.241532783,3.880699803,0.829650664,0.923094775,2.247662463,3.157025792,3.282340193,1.019897609,1.79673156,1.011947284,0.84384823,0.703592326,5.293903329,6.801962747,2.010712503,1.176875843
1.876008332,2.09630965,2.879608074,1.928786745,3.941045163,3.801031627,2.234355091,0.906481747,1.970938425,2.74926526,2.227691097,4.169334224,2.16919636,0.830679689,1.963368948,4.046853673,2.739134997,3.285842837,0.74101067,2.227684175
2.898628533,3.88978225,2.205254685,1.850667342,5.881494118,4.172868029,1.063903789,3.256865688,4.125131019,4.944176385,4.881449899,4.237561238,2.084935824,2.091426284,1.05633493,0.859749721,6.958818318,6.197899176,3.149966306,2.897515949
0.784148272,2.086172079,3.000944724,2.014106408,6.001673848,2.803946478,2.070747118,1.139465045,2.959504807,2.771977883,5.087279225,4.065728486,0.803360456,0.78356978,0.710827817,2.884929287,7.195313424,5.957710624,2.929615848,2.726096048
1.251299953,2.083225221,3.145128599,2.827686739,5.96770986,3.924556649,2.28159234,4.012135419,1.928459575,5.0981267,4.831022521,1.079146963,0.929288658,0.774228715,1.19506112,0.974807789,7.117076722,6.20396537,3.123041366,3.297023142
3.247610622,4.057006355,1.868573925,3.092858397,3.018568323,2.022662011,2.192338264,0.736032871,0.832101759,2.734080464,3.070116506,4.049540882,0.903503273,1.268852983,0.97837904,3.012067125,5.700102224,7.19577402,2.78780631,2.077414629
1.973070805,4.235702474,2.034211435,2.843877019,6.058275759,4.041800585,2.281931975,0.84689183,1.857963932,5.083973778,4.712831521,4.149925498,0.724093378,0.717911101,1.164304218,2.213614023,5.968737396,7.240320483,3.208082957,1.084088562
0.912032675,3.992812402,2.715861796,1.9330629,6.026696837,3.738072259,0.719409481,3.808964699,3.093560264,2.022289418,5.221217904,4.25460234,1.059351576,1.993951459,0.843822971,1.779656858,4.708772479,6.714493126,2.25501798,1.291345627
0.985515814,3.755539077,2.906545003,2.154467813,6.100824663,2.939946405,1.09084011,0.806401856,2.107431021,2.930980868,2.062737572,3.904540305,1.722644145,2.04988505,1.200393957,1.299793036,5.218611228,5.101741912,1.763575438,2.925598433
1.072387305,3.829493011,3.206295707,2.062105688,5.140758354,4.123839411,0.700744644,4.25839979,1.717035817,5.015793605,5.22922105,2.960228055,0.816931709,0.973326644,1.230955244,3.98965688,5.167052093,3.702369937,1.121458788,2.868690393
3.04115623,4.023040902,0.866973891,2.128529233,5.913374137,2.700840179,1.038131613,3.87813242,2.142414001,2.117296551,0.948864597,2.910155118,0.857830973,1.122514319,0.835644546,1.808130463,5.149664722,6.167132351,1.836938703,2.167429939
2.204373212,4.922633623,3.072394275,2.833802217,3.863946785,2.812552259,1.286589717,0.760370094,2.251244877,3.251459487,3.217921952,0.863174807,1.260825124,2.087258271,1.186834125,2.236543793,7.075142184,5.701653864,3.074409545,2.903782904
1.968816545,4.245477228,3.021503762,3.222022076,6.190559027,4.269090133,1.880376127,4.139549349,3.150973574,2.799632997,2.700756797,3.903370337,1.254517444,1.114676362,0.835770869,2.240907341,5.917937278,5.213757945,1.856676232,2.779799066
2.038927632,3.824716606,0.973784318,1.943215512,6.177979047,3.756347688,2.128715321,2.853405826,2.101022249,5.025010702,5.15117433,1.150715764,0.92805003,1.248901229,1.793196801,0.717936051,4.738669713,4.916054718,1.1203294,2.106053411
2.16700687,3.731171995,3.27911238,0.844085023,5.750856674,2.885589529,1.928207146,1.020540435,2.224145794,3.983297786,2.263034575,3.896377081,1.116442464,1.06491693,1.010451984,2.896250393,4.921608478,5.937145429,1.901716065,1.813663606
1.108636359,4.281103486,3.288451887,2.105773919,5.978677194,3.208907033,2.209380927,2.794942681,1.13818454,1.893273695,4.746663485,2.196137064,1.199774599,2.237574656,1.234341644,3.006324509,3.134597104,6.248134869,1.187472825,1.129823003
3.180859106,1.888790058,2.087549887,3.1104,5.813973282,4.270500157,2.074236842,4.29483208,3.07042214,5.161628381,4.999570074,3.941626604,1.084143853,2.216655664,1.295436522,2.104869179,5.776517481,6.226867443,2.267871886,2.704616975
2.137923546,4.83728699,1.098512786,1.933765502,3.986447822,2.201646945,1.206891355,3.26219562,3.051190297,4.984782952,4.91244758,0.797661222,1.932548552,2.016106046,0.761810879,2.151745016,6.782866368,5.93384015,3.244670383,3.263942915
2.16490271,4.715233526,2.747449003,2.914033218,3.757993123,2.281904987,0.906926198,2.883937007,2.187026569,4.762826671,5.110414599,4.176255919,1.229746346,0.933253765,1.271564323,2.191849661,4.780251056,6.830044719,1.909205805,0.990096109
3.084557313,4.732321961,3.091881131,3.217762239,2.879503578,3.043152954,1.720116268,3.002873263,2.71552688,5.788785505,5.252643066,0.817448777,0.876846741,1.122552966,0.863201796,2.965219776,4.027291064,7.263285222,2.061799494,1.153711204
2.132777558,4.017112651,2.780698415,1.707264183,6.197885675,3.768744201,0.884309123,2.860998579,4.214553069,3.131951611,2.777275602,4.070108206,1.911661576,1.036380074,0.928232844,0.959944723,5.020194226,4.948643618,1.253673066,3.078888464
2.06431801,4.987276903,0.763730507,2.851512844,6.270096481,3.856348676,0.782961079,0.765647941,1.879159293,3.225279936,2.904343305,1.221404664,1.980624565,2.043535485,1.19041497,1.869978409,4.216416433,2.170539763,0.751774332,1.869789937
2.176673968,3.74487839,1.039360059,1.936330428,3.76511376,1.90186307,1.706029267,3.894081597,2.21447191,5.017855977,2.970093836,1.824880171,0.892825752,0.720974491,1.029923085,3.184477273,5.111996262,6.14345434,2.106281142,2.218771321
1.247290122,4.266854097,0.94014447,1.76484096,4.186257744,1.894463918,1.986801032,2.83700761,4.106274154,4.919116019,5.927706166,2.089525466,2.066334604,2.065269736,1.226634782,2.884126829,7.227117906,6.796541996,3.061060259,2.148059188
3.284952476,4.878502995,2.798818496,1.732139814,6.142210631,4.155453712,1.22963498,1.212036783,3.850216521,1.888523265,5.920356413,1.833134567,2.061159424,1.05928313,0.92717072,2.801637704,6.968599301,5.90734901,3.066621948,2.777722205
2.001553439,3.806300158,3.268323352,1.752544036,4.946659331,4.114884298,2.008907569,0.788396864,3.724487262,2.894928089,3.055847722,1.162278855,0.708532235,1.116569413,1.188872716,1.964290632,3.999932226,5.858955358,2.125766171,1.138818277
2.105254717,3.706551466,2.774317518,2.227995172,6.008855661,4.145059486,1.160631746,0.709173739,3.247816461,3.27440265,3.077589749,3.735760576,1.245297357,1.221075415,2.156131269,1.150820638,5.216472248,6.271426988,1.95006884,2.175215263
0.984377229,3.850357255,2.851602168,1.943308248,2.996866909,2.980276997,2.031507898,4.038531088,1.186434826,6.037739177,5.816521009,4.758816999,1.995001975,2.204121048,0.864370833,3.108782168,7.295904116,7.023216762,3.057217805,2.049495027
3.167907836,5.28250858,1.981522927,1.956227437,6.113641119,4.099252385,0.931295998,2.910687904,3.193264108,2.095849467,2.912367085,1.998978977,0.80275886,2.103319044,0.918637245,2.91799154,4.81594585,2.011764344,1.145561642,2.994003448
1.122825211,4.169045561,3.193961166,3.077409384,6.150203204,3.104644252,1.73922639,0.76779688,1.829122532,4.707087058,5.164724267,4.180968256,2.02530142,1.811827652,1.173418103,4.923364793,4.298796574,4.941722614,1.180107098,1.858904891
3.004685156,4.832885649,2.806514965,1.988147396,3.858926883,3.196886475,2.101730622,0.992454626,2.033852757,5.144995297,3.243930779,1.108392309,1.226525313,0.962336618,1.292107262,0.85889093,4.299014477,5.175584795,0.759967456,1.888131036
2.81338968,4.871689611,3.121497046,3.141475842,6.182310464,3.929447377,0.764244882,3.061217698,2.193874016,5.128455207,5.07453949,4.131230881,1.755191002,2.292343473,0.99012214,2.720653655,5.264677726,3.705559322,1.057193535,3.035698149
1.822801857,5.141816488,3.169386175,1.795813267,6.207813196,3.74540641,2.131554654,2.903203007,2.120711788,4.913939598,3.119698614,2.249165019,1.105864925,1.025986591,1.012752153,2.858903585,4.269228474,5.12103484,0.905977099,1.992989307
0.892657622,5.207578493,0.987048757,1.797025713,6.202287241,3.291920672,2.25904788,4.117545486,2.830409739,4.982621213,4.894566826,4.077384121,0.960833289,1.025950671,0.829659299,2.107816634,7.276951745,6.240462745,2.951506768,3.152854581
2.809041962,4.138927202,3.067593598,1.727951311,5.932750329,3.901920084,1.011103963,2.834401619,2.047114164,2.75956542,3.197018743,3.96039838,1.112919724,1.066425404,2.124602338,3.109934123,5.056945015,4.275851656,0.772234541,2.851517812
2.213348247,4.209987627,2.803988022,1.843542487,5.996158977,3.70341143,2.189604012,1.12760227,2.773912291,2.734642747,2.878569413,4.95205582,1.217991586,0.953601465,1.70149441,3.25338665,7.057691295,7.020652282,2.950118966,1.863764176
1.736493519,3.862101177,2.939030172,3.217007814,5.712839554,3.872273104,2.0800786,3.821802156,1.932352343,3.117273554,3.267227674,5.114013698,1.083083991,0.950190417,1.108896634,3.131984263,5.293275027,6.850379439,1.764369863,1.09349285
2.951620448,3.858241306,1.779965841,1.803873633,4.205291713,2.047456378,1.118892636,1.081161825,1.790906116,3.087515177,2.838105039,0.952961472,1.282620398,1.086507011,0.858470312,1.846753227,5.084365412,6.864344519,3.203718914,0.724388277
2.036590247,4.24717373,2.813392872,2.006650877,5.857362899,4.037969574,1.891327834,3.184916998,2.053276943,3.055576421,3.037437007,2.103082669,2.260239673,1.792454527,0.825616322,2.070873065,7.035255183,7.059472752,3.244822824,1.850952593
1.788556257,4.056895945,3.193049174,3.000980484,6.039931349,4.071254451,1.927216268,0.819617092,3.090602383,4.997579969,4.776188979,4.154520067,2.229582666,2.100625929,0.991545156,4.809843965,6.089896754,6.787598465,3.00847101,1.081081397
1.710218624,1.870418704,3.210247463,2.757770076,3.900370486,3.266737114,2.055702985,2.773504656,2.152476993,6.066360188,5.042572406,4.072610963,1.228777303,1.057253543,0.812482778,4.841570847,5.739216691,4.9090777,0.794955669,2.956526041
3.254419222,4.017489074,3.130368474,2.184301088,6.191652583,4.153334277,1.038696582,3.862256066,1.992233601,5.124825854,4.97426416,0.800466637,0.812611146,0.933417071,1.033141835,0.76705838,7.215726606,5.830912039,3.238119266,2.738111911
1.086664255,2.285676668,2.947207137,2.271455458,6.236648672,4.190009411,1.723213897,0.792701531,2.241789229,1.09320874,5.056743056,2.263323657,1.287201005,1.299559138,0.813182395,1.913304737,5.235705009,4.142141277,1.041774086,3.057531826
2.820687882,3.746441744,1.70778561,2.071351442,6.243893844,4.25058511,0.751456755,2.779416944,4.141418748,5.126109914,4.748466198,3.880381816,1.981449464,1.701225334,1.268530911,0.752401664,6.933335992,5.794006,3.162397128,3.015929772
0.803016648,4.936012503,2.730764418,2.253198681,6.264809858,3.958129431,2.177697501,1.066265393,2.164203903,0.845744785,2.975798974,5.050078523,0.96054199,1.217300773,1.215526441,2.230277955,6.109317725,5.882417703,2.187935227,2.218281154
0.928785072,2.252565516,2.815504794,3.231033843,3.153121654,3.235633821,1.823736613,1.16089897,2.780287914,2.92845923,3.110263073,3.756968958,2.259906112,0.91404258,0.984275207,2.745908321,5.866587148,7.237014991,2.731489979,1.74849026
1.942460925,2.258558063,2.916373092,2.797341941,4.754656833,3.13923622,2.258218845,1.219342338,2.080670057,3.197016508,2.751397459,3.757426665,0.995253057,1.021603558,0.877122016,2.954479156,6.935208937,5.070304264,2.171124475,3.151387438
2.091751041,3.884615124,1.210462995,2.795082503,5.921500748,2.283941899,1.870861403,1.074716472,1.836064708,5.140729766,2.857460077,2.047470174,0.874262915,1.212136648,1.236164645,2.930886121,5.100676299,4.786162249,2.142053824,3.034029817
2.96133207,2.089723963,2.940463397,2.74180105,4.927420862,3.747267782,2.057883342,0.764598533,2.167056407,3.234622315,2.968793202,0.757063041,0.910445482,1.077489702,0.71087103,3.019279576,7.087399916,4.919603887,2.039148538,3.158305229
3.016718891,4.982210725,2.966984384,2.064180436,6.060448235,2.916097775,1.092682034,3.886375931,2.132575577,2.743657966,5.211376915,0.774599846,0.759777797,1.028121376,1.074786981,2.813820792,4.259590444,5.980247286,2.14271656,0.838763483
0.758732587,4.209262932,3.239865934,2.183643702,6.109078612,3.893623554,1.723743033,4.281774888,2.064956345,3.197635588,3.122290645,4.020028996,0.822954144,0.786752052,0.810471845,0.963266217,4.923776258,6.013151957,1.962967168,1.862114323
2.293887863,3.724616114,3.147418589,3.054991777,6.114711867,4.143432835,1.851990215,2.96950155,2.912823958,2.760714985,3.065449893,1.0261174,2.281480512,0.760557446,1.283215751,3.208331049,6.843289887,7.116750288,3.016947812,2.079255721
2.729345582,3.965092428,2.751419077,3.032360844,6.269819464,4.052277898,0.751520711,1.103557804,2.070968647,2.993369431,2.747502625,3.745033819,1.225917403,1.777042584,1.278972349,3.144884431,5.004196019,4.810982541,2.01203708,3.084567686
1.213905689,4.143534879,3.153267264,2.143687614,6.160490459,4.223372424,1.08923619,2.876340649,4.051783039,5.111341826,2.979048269,1.844300488,1.865543559,0.991966032,2.286402361,0.864657254,7.112769201,5.999680264,2.767703471,3.17000068
1.956545694,3.969845609,2.714939321,1.823086375,5.063837164,3.867236445,0.897918615,2.952381278,2.700972386,2.771302457,5.094150364,2.003283696,0.892820155,1.258848688,1.11124428,1.949049935,6.282721384,5.747335531,2.21158527,2.208288495
1.092198255,1.958849675,3.073963433,2.922767663,6.033676223,4.029292441,1.263883992,1.098337215,2.784846977,3.037996864,3.059061225,4.228569262,1.742122115,0.995975518,0.920972432,1.269541706,4.779316821,5.966640895,2.169533127,1.925885729
3.005725673,3.855160922,1.768994159,2.041878407,6.102758717,4.259097014,1.168361625,3.241563397,3.00115619,4.817861085,3.295410254,3.72958441,2.19416694,1.19397502,1.89595661,1.7753373,4.104936183,3.123295433,1.178974973,1.960240067
1.105483498,5.13501553,3.155418771,3.277376711,5.018077836,3.914113702,1.978847037,0.958212739,3.200237943,2.970450064,3.229777707,4.900066998,2.026067944,0.730311452,2.139052992,5.239564733,5.250143853,6.155014302,2.26265391,2.170413171
1.782371908,4.997140549,1.016535238,2.27869409,3.814424862,2.961107188,1.12803075,3.094777864,1.767811151,4.792079786,5.024219134,1.967898688,0.801760592,1.784078052,1.19150513,1.962995146,7.256807846,5.127434324,2.075915797,2.772282832
3.299449004,5.02491945,2.810538502,2.712027534,6.087498514,4.277659905,1.195433906,2.733128542,3.854301125,5.731619904,6.240991713,4.057775023,2.032247389,1.78781536,1.096602876,1.255792185,4.214046319,3.202239698,0.917847094,1.74603524
2.030910264,5.295643167,1.734490646,2.006216397,5.903617646,3.949312363,0.811216386,3.820659554,4.231296307,4.791720959,4.771329911,3.911224086,1.005341679,2.205518715,1.11520649,0.725483086,5.878896743,7.295692912,3.295439102,1.719171258
3.007195825,5.042247939,2.998721396,3.066412643,2.92447241,3.091716389,1.087407005,2.794342618,2.022657815,3.035282118,3.0053479,2.102355041,1.872232871,1.714623053,0.700766541,2.945326993,7.174229117,6.22218699,3.219784815,3.292957228
1.85532595,2.257597499,2.277871466,2.903808221,2.893871051,1.970820844,0.955713231,1.205443179,2.164946306,2.884231631,2.772423666,2.878168254,1.893460108,2.013642077,0.806825815,2.165037754,3.964721164,3.127921239,1.296745786,2.038080557
2.145472169,5.208594524,0.963731556,2.968622784,6.029650362,3.827865686,1.179278047,0.751031387,1.736772898,1.909026268,2.823091547,5.081794553,1.886253845,2.08982109,0.79233013,1.719128307,5.971301104,7.232621595,3.101725211,2.271207363
2.213609651,4.082526418,3.263266072,2.111637601,5.71182025,4.040447414,1.83890677,2.787572528,1.921312456,4.058531868,2.063527731,5.202767083,1.745022818,0.940664418,0.823153144,4.236314607,5.796279526,7.137971458,2.709764685,1.206817967
3.138800242,1.816228894,2.173612921,1.992371595,5.087580148,4.176854992,1.867566748,3.111074539,2.892614247,1.705603069,5.234992322,3.954458875,1.994998927,1.879693211,1.228201582,1.051842961,6.255891862,7.186506536,2.823218942,1.794852662
1.848216778,5.181511842,0.791096936,1.994950361,3.701762902,2.266635476,1.210174266,2.81084952,2.738977077,5.20892487,4.999769802,0.752337747,2.11422782,2.19739792,0.988571963,1.957136849,6.723941398,6.290021539,3.205700646,3.147164328
2.258210244,4.229603825,3.058989126,0.790225132,6.116484258,2.900186457,1.703967426,1.274916078,2.011540116,3.738357958,1.737167997,3.804004317,0.895885962,1.079752809,0.793448262,3.135889504,4.776015235,6.11440617,2.047966838,2.024733255
2.20459634,3.863673397,2.744984094,2.712174594,4.056556586,3.72132942,2.020455943,0.715610621,1.99354245,4.956729087,2.984814966,1.182820039,0.907499188,1.876749342,1.165998659,2.760214934,3.879443274,5.180507791,0.888439463,1.883051556
2.093826521,5.166081585,3.007290568,2.755781265,4.293765632,2.284052633,0.832633745,2.810316603,2.222954185,5.221792282,5.185081306,3.966835789,1.230017668,0.972110472,0.893892255,1.872061447,4.814657508,6.744780526,1.897852336,0.768779053
0.751246417,3.843677766,3.263236164,2.057488535,6.295084315,3.104423345,2.293126758,2.978232842,2.910182623,2.856375648,2.929823111,0.758942724,1.205064559,0.82267374,0.738290581,1.807572494,4.958120056,7.16375155,1.825346053,0.878448581
0.868980796,3.995659837,2.752571493,1.845423772,6.214943096,3.912004661,0.773901359,0.901143024,2.078952256,3.005363436,2.813784734,1.792006339,1.872604421,0.783129387,1.032780915,0.973701389,4.849707023,3.90694399,1.297730934,2.956798249
1.850973388,1.764998677,1.281407342,1.106922555,6.032950236,4.262644312,2.059727641,2.892665617,2.202507353,4.274785546,3.940794864,0.825537879,0.960659645,2.231490437,0.968011577,1.065200561,6.251810948,6.134033773,2.035763515,2.080966317
1.796188111,1.722674089,1.037157192,3.076684304,2.99796782,2.792235837,2.190044482,3.048845386,1.890690374,4.764569463,5.226590111,2.040380261,1.768263189,0.774181864,2.188942758,1.773269115,6.8533033,7.110939739,2.84797564,1.757033567
1.085378027,4.961026712,3.159431772,2.786932243,6.274417508,3.887682925,1.110667805,0.892855486,2.961224528,5.165161064,3.0977004,3.954998707,1.708457125,0.721767296,2.298465083,1.868835083,4.873670804,5.26403862,2.289807603,2.860767606
1.810818904,5.094871942,1.246539083,2.84723922,5.990804153,3.759056763,1.273325048,2.707116585,1.772115781,3.196837387,3.023371253,2.222366493,2.105034223,2.258336932,0.769415587,1.888866115,4.923918945,5.827923148,2.065570029,1.78980782
1.139985587,4.995787876,3.094562548,2.712708234,5.840123747,3.889080506,0.933787045,4.075677199,3.25986275,3.145755908,5.737958599,4.292957476,2.290766047,2.17636701,1.037744376,0.880712981,6.238673195,4.900716862,1.844594446,2.858637298
3.24594398,4.872902333,2.719883412,3.237151582,6.19062825,4.152633823,0.90350706,3.038920975,2.070568502,4.887294652,5.089377134,4.203450485,1.825823573,1.72712288,0.93063142,2.871067572,5.189673656,3.791627383,1.099883588,3.084181773
2.110635654,4.281068214,3.169589059,2.267947628,5.934028237,3.834757961,0.924166204,3.101554768,2.29971486,2.160910438,3.095443795,3.20675822,1.134639877,1.273205338,1.042018025,0.862699233,1.165501636,2.706672926,0.81065832,1.958561381
1.875404361,4.037486694,1.087499957,2.808953095,6.235062504,4.166081067,2.273733339,3.010804395,2.771786736,5.241155494,5.012825435,1.721452709,2.267045412,1.282595883,2.082755352,2.283803932,3.966513514,5.126129374,1.020403414,1.995863442
0.722393448,5.006216988,2.795312796,2.738860524,6.227806886,3.965242102,1.19653818,1.153780536,2.917931532,2.978534228,3.254972261,5.213646618,1.770332312,0.701395513,2.057960159,1.232434924,5.944992373,5.821627131,1.843634359,2.236829965
1.245943117,5.210365884,3.02489478,2.129983661,5.751549648,3.725586905,1.085443695,1.064581603,3.194579416,5.036006395,2.804810281,4.154769403,2.178732473,2.091016501,1.157717309,1.192957854,5.928912915,6.713157296,3.06023905,0.974473809
1.11880269,1.095382959,2.016203798,3.115018995,6.162143007,3.111955376,1.725433713,1.239101535,1.845103787,4.934086451,2.103947068,0.801562847,1.067675513,1.1143154,1.259667096,0.974496013,4.751722623,6.914640918,1.908163474,0.743105862
1.235085229,4.045180221,2.706219386,1.855459998,4.78289355,4.126506332,2.216196172,3.019924941,2.251134811,3.00942574,3.031003362,0.829449487,1.275402105,2.094308595,0.923307346,2.996698961,5.89399352,6.237096215,2.15288789,2.251902099
3.171333783,4.951448862,3.158272882,1.802793708,6.060892301,2.800433656,1.11035789,3.758089522,2.210020578,2.909207439,5.296538764,1.055890233,0.901564283,0.935765132,1.021571267,2.798715228,4.218417138,5.70580943,2.182243337,0.945721781
1.261645374,2.069098962,2.921190933,3.272212976,5.828451527,4.083183159,1.768728955,2.748576851,1.946345957,5.082945222,4.890385458,3.936673416,2.049374654,2.066838176,1.246194587,4.119460598,5.2136935,6.166674823,1.874731006,1.714433261
2.934032614,4.211590604,1.897586811,1.746199612,5.95213484,4.076871354,1.761765128,2.84307804,3.031877249,3.135416842,1.842851449,2.98983461,1.915289605,1.15838924,1.001091028,1.958767112,4.993739147,5.755777967,1.950557129,1.989981628
2.953197991,4.001362808,3.228503594,0.938279729,6.26199604,4.241861967,1.158435224,3.280855957,1.889411134,5.233478679,3.098284251,4.855498985,1.735182779,1.755495802,0.958783336,0.887987632,5.766416326,4.125691159,1.764175253,2.83996884
2.999720812,4.252833323,1.873948416,1.967826722,6.027828364,3.989334134,1.987578848,4.162694968,3.245079154,5.165232652,4.763708158,1.251313339,2.137349355,1.042924325,2.076158007,2.280309295,4.076154137,6.292251984,2.025977974,1.270412524
2.917959259,2.223439143,3.016711563,1.944256481,3.062484396,2.938084091,1.753049124,3.107725092,1.701098184,5.285845562,5.216028012,3.784427379,2.267533209,1.791338592,0.937932053,1.140890328,6.859158316,5.799438042,2.713390814,3.131969611
2.205086437,3.770793242,2.976933612,2.932309215,5.27881931,1.721382688,1.0586617,1.286262383,2.070270057,2.765789409,2.911809635,1.245572887,0.952195237,0.703520207,0.885310878,2.963872287,3.239324248,4.893954857,1.01286581,2.075562165
2.054016428,4.28297563,3.273981486,1.941148371,6.023735754,3.240547847,2.063450331,3.163522381,3.092970812,5.721300181,4.760777261,3.809977499,2.296314025,0.785910084,0.981155868,1.242333349,6.987718851,5.005798457,2.179724044,3.172582056
1.8477681,4.953530258,0.998974572,3.009751704,5.935018997,3.958919192,1.118217506,2.700862598,0.834958757,2.96594807,2.987229483,0.919589901,1.080497356,1.192413232,0.806523159,1.105647445,6.901256735,5.899005,2.725558649,3.110747689